--------------
set autocommit=0
--------------

Query OK, 0 rows affected (0.00 sec)

--------------
delete from orders2 where o_orderdate <= '1992-08-31'
--------------

Query OK, 5736759 rows affected (21.51 sec)

--------------
rollback
--------------

Query OK, 0 rows affected (16.18 sec)

--------------
update orders2 set o_orderdate='2015-01-01' where o_orderdate <= '1992-08-31'
--------------

Query OK, 5736759 rows affected (5.98 sec)
Rows matched: 0  Changed: 0  Warnings: 0

--------------
commit
--------------

Query OK, 0 rows affected (0.05 sec)

--------------
delete from orders2 where o_orderdate = '2015-01-01'
--------------

Query OK, 5736759 rows affected (21.37 sec)

--------------
commit
--------------

Query OK, 0 rows affected (0.07 sec)

--------------
select count(*) from orders2
--------------

+----------+
| count(*) |
+----------+
|  7603035 |
+----------+
1 row in set (0.14 sec)

--------------
select count(o_orderkey) from orders2
--------------

+-------------------+
| count(o_orderkey) |
+-------------------+
|           7603035 |
+-------------------+
1 row in set (0.19 sec)

--------------
select count(o_custkey) from orders2
--------------

+------------------+
| count(o_custkey) |
+------------------+
|          7603035 |
+------------------+
1 row in set (0.15 sec)

--------------
select count(o_orderstatus) from orders2
--------------

+----------------------+
| count(o_orderstatus) |
+----------------------+
|              7603035 |
+----------------------+
1 row in set (0.10 sec)

--------------
select count(o_totalprice) from orders2
--------------

+---------------------+
| count(o_totalprice) |
+---------------------+
|             7603035 |
+---------------------+
1 row in set (0.25 sec)

--------------
select count(o_orderdate) from orders2
--------------

+--------------------+
| count(o_orderdate) |
+--------------------+
|            7603035 |
+--------------------+
1 row in set (0.13 sec)

--------------
select count(o_orderpriority) from orders2
--------------

+------------------------+
| count(o_orderpriority) |
+------------------------+
|                7603035 |
+------------------------+
1 row in set (0.19 sec)

--------------
select count(o_clerk) from orders2
--------------

+----------------+
| count(o_clerk) |
+----------------+
|        7603035 |
+----------------+
1 row in set (0.19 sec)

--------------
select count(o_shippriority) from orders2
--------------

+-----------------------+
| count(o_shippriority) |
+-----------------------+
|               7603035 |
+-----------------------+
1 row in set (0.16 sec)

--------------
select count(o_comment) from orders2
--------------

+------------------+
| count(o_comment) |
+------------------+
|          7603035 |
+------------------+
1 row in set (0.26 sec)

--------------
delete from orders2
--------------

Query OK, 7603035 rows affected (28.75 sec)

--------------
commit
--------------

Query OK, 0 rows affected (0.07 sec)

--------------
select count(*) from orders2
--------------

+----------+
| count(*) |
+----------+
|        0 |
+----------+
1 row in set (0.09 sec)

--------------
select count(o_orderkey) from orders2
--------------

+-------------------+
| count(o_orderkey) |
+-------------------+
|                 0 |
+-------------------+
1 row in set (0.20 sec)

--------------
select count(o_custkey) from orders2
--------------

+------------------+
| count(o_custkey) |
+------------------+
|                0 |
+------------------+
1 row in set (0.14 sec)

--------------
select count(o_orderstatus) from orders2
--------------

+----------------------+
| count(o_orderstatus) |
+----------------------+
|                    0 |
+----------------------+
1 row in set (0.03 sec)

--------------
select count(o_totalprice) from orders2
--------------

+---------------------+
| count(o_totalprice) |
+---------------------+
|                   0 |
+---------------------+
1 row in set (0.22 sec)

--------------
select count(o_orderdate) from orders2
--------------

+--------------------+
| count(o_orderdate) |
+--------------------+
|                  0 |
+--------------------+
1 row in set (0.15 sec)

--------------
select count(o_orderpriority) from orders2
--------------

+------------------------+
| count(o_orderpriority) |
+------------------------+
|                      0 |
+------------------------+
1 row in set (0.17 sec)

--------------
select count(o_clerk) from orders2
--------------

+----------------+
| count(o_clerk) |
+----------------+
|              0 |
+----------------+
1 row in set (0.23 sec)

--------------
select count(o_shippriority) from orders2
--------------

+-----------------------+
| count(o_shippriority) |
+-----------------------+
|                     0 |
+-----------------------+
1 row in set (0.14 sec)

--------------
select count(o_comment) from orders2
--------------

+------------------+
| count(o_comment) |
+------------------+
|                0 |
+------------------+
1 row in set (0.20 sec)

Bye
