--------------
update test201 set c2=1, c3=1 where c1 between 1 and 150000000 and c1%1000=1
--------------

Query OK, 150000 rows affected (4 min 25.97 sec)
Rows matched: 0  Changed: 0  Warnings: 0

--------------
select count(*) count1 from test201 where c1 between 1 and 150000000 and c1%1000=1 and c2=1 and c3=1
--------------

+--------+
| count1 |
+--------+
| 150000 |
+--------+
1 row in set (7.18 sec)

--------------
update test201 set c2=2, c3=2 where c1 between 150000001 and 300000000 and c1%1000=2
--------------

Query OK, 150000 rows affected (6 min 2.04 sec)
Rows matched: 0  Changed: 0  Warnings: 0

--------------
select count(*) count2 from test201 where c1 between 150000001 and 300000000 and c1%1000=2 and c2=2 and c3=2
--------------

+--------+
| count2 |
+--------+
| 150000 |
+--------+
1 row in set (10.09 sec)

--------------
update test201 set c2=3, c3=3 where c1 between 300000001 and 450000000 and c1%1000=3
--------------

Query OK, 150000 rows affected (7 min 29.81 sec)
Rows matched: 0  Changed: 0  Warnings: 0

--------------
select count(*) count3 from test201 where c1 between 300000001 and 450000000 and c1%1000=3 and c2=3 and c3=3
--------------

+--------+
| count3 |
+--------+
| 150000 |
+--------+
1 row in set (9.88 sec)

--------------
update test201 set c2=4, c3=4 where c1 between 1 and 150000000 and c1%1000=4
--------------

Query OK, 150000 rows affected (7 min 30.62 sec)
Rows matched: 0  Changed: 0  Warnings: 0

--------------
select count(*) count4 from test201 where c1 between 1 and 150000000 and c1%1000=4 and c2=4 and c3=4
--------------

+--------+
| count4 |
+--------+
| 150000 |
+--------+
1 row in set (7.29 sec)

--------------
update test201 set c2=5, c3=5 where c1 between 150000001 and 300000000 and c1%1000=5
--------------

Query OK, 150000 rows affected (7 min 34.41 sec)
Rows matched: 0  Changed: 0  Warnings: 0

--------------
select count(*) count5 from test201 where c1 between 150000001 and 300000000 and c1%1000=5 and c2=5 and c3=5
--------------

+--------+
| count5 |
+--------+
| 150000 |
+--------+
1 row in set (9.56 sec)

--------------
update test201 set c2=6, c3=6 where c1 between 300000001 and 450000000 and c1%1000=6
--------------

Query OK, 150000 rows affected (7 min 39.02 sec)
Rows matched: 0  Changed: 0  Warnings: 0

--------------
select count(*) count6 from test201 where c1 between 300000001 and 450000000 and c1%1000=6 and c2=6 and c3=6
--------------

+--------+
| count6 |
+--------+
| 150000 |
+--------+
1 row in set (10.50 sec)

ERROR 122 (HY000) at line 23: CAL0002: Update Failed:  IDB-2008: The version buffer overflowed. Increase VersionBufferFileSize or limit the rows to be processed.
--------------
update test201 set c2=7, c3=7 where c1%1000=7
--------------

--------------
select count(*) count7 from test201 where c1%1000=7 and c2=7 and c3=7
--------------

+--------+
| count7 |
+--------+
|      1 |
+--------+
1 row in set (10.13 sec)

--------------
update test201 set c2=8 where c1%1000=8
--------------

Query OK, 450000 rows affected (12 min 43.10 sec)
Rows matched: 0  Changed: 0  Warnings: 0

--------------
select count(*) count8 from test201 where c1%1000=8 and c2=8
--------------

+--------+
| count8 |
+--------+
| 450000 |
+--------+
1 row in set (10.63 sec)

--------------
update test201 set c3=9 where c1%1000=9
--------------

Query OK, 450000 rows affected (13 min 11.05 sec)
Rows matched: 0  Changed: 0  Warnings: 0

--------------
select count(*) count9 from test201 where c1%1000=9 and c3=9
--------------

+--------+
| count9 |
+--------+
| 450000 |
+--------+
1 row in set (10.57 sec)

Bye
